DTD,WTD,MTD,YTD,Since Launch,Ticker,Type,Industry,Weight
-0.03011401744252007,-0.04357757070612789,0.0,0.11081633275868952,0.22350351569199112,THNQ,Comparison ETF,,0.0
-0.025003624118486445,-0.05451996263753134,0.0,-0.18988816964736988,-0.09302134903539672,AAPL,Holding,Semi,0.030491107662768586
-0.03903245519565701,-0.05725845165467003,0.0,0.24899475900928136,-0.1028481381308457,MU,Holding,Semi,0.01119576919578156
-0.08417342234037184,-0.08232328415370949,0.0,-0.11264857478862056,-0.08769877286136896,PSTG,Holding,Infrastructure,0.012275726485007512
-0.09260465293977271,0.0336474845042114,0.0,1.160905590397248,2.1422466926987713,RBLX,Holding,Application,0.026866962474398706
-0.03684441008038497,-0.013281694141336065,0.0,0.47877725998697773,0.7893033714391673,ORCL,Holding,Infrastructure,0.029085895817859215
-0.0312901111423719,-0.10061681859165539,0.0,-0.05101821903052606,0.1412220707943861,DDOG,Holding,Infrastructure,0.018290783004362047
-0.03029322585051608,0.045120751170514506,0.0,0.28307775840285676,0.5815448738062958,META,Holding,Application,0.07768439334538585
-0.010457193787069885,-0.03327494003208753,0.0,0.039162820219045935,0.07761288303471425,BOTZ,Comparison ETF,,0.0
-0.08269617085933045,-0.07749471114060746,0.0,-0.021149548304649657,0.16870748299319738,AMZN,Holding,Infrastructure,0.050977220920507264
-0.03392996583931174,-0.03451604037174205,0.0,0.16360162410867574,0.3397945277274099,LOUP,Comparison ETF,,0.0
-0.02576571944296313,-0.022865470602379978,0.0,1.039799152121336,4.386522610339854,PLTR,Holding,Infrastructure,0.02806833547211038
-0.03229789402973593,,0.0,,0.008792598849373556,XB0T.DE,Comparison ETF,,0.0
-0.017198296674953983,-0.046288599039967404,0.0,0.12009337777452012,0.14350445384386212,LRNZ,Comparison ETF,,0.0
-0.02468024414747383,-0.032494971612641366,0.0,0.12626928168088236,0.22726793468772866,AIQ,Comparison ETF,,0.0
-0.02497620603156936,-0.04129419752617669,0.0,-0.03854574231754049,0.27960454172591453,WISE,Comparison ETF,,0.0
-0.08268454464223307,-0.06242280153100088,0.0,0.3277637420506758,0.5790204101587058,SNOW,Holding,Infrastructure,0.019650334240952
-0.04542345619920507,-0.1355932457309178,0.0,-0.257852691619323,-0.21109222752349144,GTLB,Holding,Infrastructure,0.010829004996171399
-0.014434544563696527,-0.01791461686280793,0.0,0.001463555339019651,0.06953776846469495,GOOGL,Holding,Infrastructure,0.034434700472591714
-0.0711253025026557,-0.09590443144795102,0.0,-0.050856906756810094,-0.10480471358367305,MDB,Holding,Infrastructure,0.014654516116781643
-0.07365939524733445,-0.01923339011240166,0.0,-0.3242782010195332,0.09507773817408594,MRVL,Holding,Semi,0.016118128497960287
-0.012711543566604866,-0.028148269662018888,0.0,0.03253096651393128,0.08897797556813791,DIA,Comparison ETF,,0.0
-0.023331613034284993,-0.01714285023647455,0.0,0.29382711952586815,0.43508862952475447,NVDA,Holding,Semi,0.047673472776297465
-0.01829559909125389,-0.07051811085513426,0.0,-0.25061903816578956,0.21425996096252775,TSLA,Holding,Infrastructure,0.02451694255860146
-0.01229073856933871,-0.027855675195573637,0.0,0.024547621408608,0.07189369702634285,^DJI,Comparison ETF,,0.0
-0.016725488581904813,-0.025599640922855937,0.0,0.17252349322371008,0.11610137724259983,SMH,Comparison ETF,,0.0
-0.014065641919255079,-0.012743097406287318,0.0,0.026389071294792954,0.13419027983383192,RBTZ.AX,Comparison ETF,,0.0
-0.029539322783697086,-0.06496371887160024,0.0,0.11539543338447356,0.8792583952957185,SHOP,Holding,Application,0.016640377225513064
-0.04599015602028378,-0.09353938746816748,0.0,-0.248253747048931,0.03895514124127342,TEAM,Holding,Application,0.012195135952915699
-0.02993922097120405,-0.038620221032164226,0.0,0.08803597901253046,0.19040755697824308,FDTX,Comparison ETF,,0.0
-0.029619159787388494,-0.3629629347059462,0.0,-0.3848354318262004,-0.2982455894606033,CFLT,Holding,Infrastructure,0.0074824224321648515
-0.019698774695034893,-0.025099463860944637,0.0,0.08626048552226462,0.16166364178428894,QQQ,Comparison ETF,,0.0
-0.031214593729594453,-0.066459387126656,0.0,-0.13878230332909247,-0.03625639927124691,WDAY,Holding,Application,0.012509615664856434
-0.04922336042300213,-0.10443392657613626,0.0,-0.1968106544169249,-0.2848669778574784,ESTC,Holding,Infrastructure,0.016094768283452576
0.0,0.0,0.0,0.051880902825739206,0.9666666666666666,ANTH.PVT,Holding,Infrastructure,0.026375029034671153
-0.029380952555340678,-0.07219239410485068,0.0,-0.2476528550371807,0.019666647596068287,CRM,Holding,Application,0.024457990032386353
-0.017228455390825514,-0.019231985658500483,0.0,0.25170319745470904,0.818648298198793,AVGO,Holding,Semi,0.02759274093477952
-0.021511671152154577,-0.02439980069295078,0.0,0.09657728270796895,0.06823588820866355,IGPT,Comparison ETF,,0.0
-0.030483925851267357,-0.07241187408857452,0.0,-0.13748443635749785,0.23769234124762662,NOW,Holding,Application,0.023801497350006667
-0.027136004919545043,-0.03765060332574832,0.0,0.08499794519958126,0.27754908635688724,IGV,Comparison ETF,,0.0
-0.05311597482520414,-0.09203231315990723,0.0,-0.1757839447603179,0.018670434961836735,IOT,Holding,Application,0.01456436511882798
-0.6778421899959728,-0.677598387241435,0.0,-0.4096997709860113,0.06766912680641402,XAAI.PVT,Holding,Infrastructure,0.033119838342016504
-0.03296363909437239,-0.04108755752635607,0.0,0.10411533776641502,0.2703284665222516,AGIX,AGIX,,0.0
-0.031625941776500244,-0.027095505074477,0.0,0.23356403798254366,0.37303994339765634,CHAT,Comparison ETF,,0.0
-0.04585295787945187,0.00017011180389014946,0.0,0.06369312397790416,0.41382314245817753,ANET,Holding,Semi,0.013831764062716656
-0.023394867909228623,0.043906011030263814,0.0,0.2746209887202662,0.1039830454754278,SNPS,Holding,Semi,0.01078378597980865
0.0,,,,,2330.TW,Holding,Semi,0.02316887271288486
-0.01760077722293818,0.02265362995426834,0.0,0.2482206678569825,0.199283168989147,MSFT,Holding,Infrastructure,0.05417377261723604
-0.05667276051188297,-0.01526717557251911,0.0,,0.22620769427505372,000660.KS,Holding,Semi,0.019494938031400722
0.009743853830027849,-0.07985098023387582,0.0,-0.024319527322736234,-0.20899041204942115,QCOM,Holding,Semi,0.008169053765587093
-0.031421809341244056,-0.03784624834632566,0.0,0.1209090839732776,0.1975410700817073,WTAI,Comparison ETF,,0.0
-0.03645027124614508,0.003510340180467253,0.0,0.8583766720209884,1.5485227861127528,NET,Holding,Infrastructure,0.02345937398157855
-0.026010870167477274,-0.029758847127620003,0.0,0.1343536424527556,0.3097940080039925,XAIX,Comparison ETF,,0.0
-0.015992133140148468,-0.023750503295482117,0.0,0.060592028045478585,0.12506243769440228,^SPX,Comparison ETF,,0.0
-0.027649681514533286,-0.05865161814528419,0.0,-0.21786454636705077,-0.3754152769298389,ADBE,Holding,Application,0.01714580129951681
-0.004147472323669188,-0.15462100301803183,0.0,-0.049901085381542254,0.06755589895316083,PANW,Holding,Infrastructure,0.011008423808165389
-0.03471449149190109,,0.0,,0.1603567008305551,XAIX.F,Comparison ETF,,0.0
-0.027541274708285712,-0.006734526084286485,0.0,0.2472400375788637,0.7173218362075993,VRT,Holding,Semi,0.015469562391202781
-0.03927066901352194,-0.03811429828163382,0.0,0.10293277621348618,0.2161407896852634,AIAI.L,Comparison ETF,,0.0
0.0,,,,,2454.TW,Holding,Semi,0.006080721243310986
-0.021815027629174644,-0.0044054158507493835,0.0,0.04552317412921192,0.8983590543225515,DUOL,Holding,Application,0.015119733243130816
-0.029511129815852688,0.022131825969837537,0.0,0.17089222477893995,3.685160163078425,APP,Holding,Application,0.015484576517729476
-0.021444648729767146,-0.10985623408298928,0.0,-0.3411853968980946,0.11296535542364627,RBOT,Comparison ETF,,0.0
-0.03004065662406097,-0.11467742919921875,0.0,0.6258886883485963,0.3674638820199838,TEM,Holding,Application,0.014696445273067219
-0.04464450287619626,-0.014218009478673022,0.0,0.877256265984373,1.6,NBIS,Holding,Infrastructure,0.030781520613070944
-0.027387857779308966,-0.02783535461677522,0.0,0.1400053593049697,0.2588709098247841,ARTY,Comparison ETF,,0.0
-0.007038929184513765,-0.05263114218524134,0.0,0.003027628228020607,-0.24462154286200466,ASML,Holding,Semi,0.012023113806195888
-0.026843488374502678,-0.16298591033620768,0.0,0.11527238286597319,-0.1310553891241737,ARM,Holding,Semi,0.008537319377849925
-0.018525033583656536,-0.030341887877044504,0.0,0.553516896649427,0.47223825288824517,ZS,Holding,Infrastructure,0.012458788430644008
-0.023154710916469035,-0.012941492928493448,0.0,0.21506724617182926,0.15529955455156252,AIS,Comparison ETF,,0.0
-0.0129055181356581,0.002195605589867533,0.0,0.1598177879156799,0.44784640251306707,SAP,Holding,Application,0.020465358435775308
-0.01639040328219421,-0.023895550098820162,0.0,0.06714737708553842,0.13897079295434955,SPY,Comparison ETF,,0.0
